date,category,title,url,summary
2025.01.16,グッズ/ショップ,様々なテーマで季節を切り取るシリーズ企画『hololive Seasonal Days』から、『ホロライブバレンタイン ～Message for You～』の販売決定！,https://hololive.hololivepro.com/news/20250116-01-318/,カバー株式会社（本社：東京都港区、代表取締役社⻑：⾕郷元昭）が運営する『ホロライブプロダクション』の様々なテーマで季節を切り取るシリーズ企画『hololive Seasonal Days』最新商品展開についてお知らせいたします。 女性VTuberグループ「ホロライブ」所属の「AZKi」「星街すいせい」「白上フブキ」「博衣こより」「風真いろは」「一条莉々華」が参加する『hololive Seasonal Days』シリーズの新商品『ホロライブバレンタイン ～Message for You～』が1月27日（月）19:00より「hololive production OFFICIAL SHOP」にて販売いたします。 販売概要
2025.01.17,グッズ/ショップ,アパレルブランド『hololive Connect』の第3弾が発売決定！,https://hololive.hololivepro.com/news/20250117-01-319/,カバー株式会社（本社：東京都港区、代表取締役社⻑：⾕郷元昭）が、運営する『ホロライブプロダクション』の公式アパレルブランド『hololive Connect』の第3弾の展開についてお知らせいたします。 女性VTuberグループ「ホロライブ」所属の「紫咲シオン」、「百鬼あやめ」、「癒月ちょこ」、「大空スバル」、「兎田ぺこら」、「不知火フレア」、「白銀ノエル」、「宝鐘マリン」が参加する『hololive Connect』内、シリーズ『hololive pixel art』第3弾を1月17日（金）18:00よりhololive production OFFICIAL SHOPにて販売いたします。 『hololive Connect』とは
2025.01.17,音楽,本日公開の劇場版『機動戦士Gundam GQuuuuuuX（ジークアクス） Beginning.』に、星街すいせいが、新曲「もうどうなってもいいや」を挿入歌として提供していることが明らかに！,https://hololive.hololivepro.com/news/20250117-01-320/,カバー株式会社（本社：東京都港区、代表取締役社長：谷郷元昭）は、弊社が運営する「ホロライブプロダクション」傘下の「ホロライブ」所属VTuber「星街すいせい」が、『機動戦士Gundam GQuuuuuuX Beginning.』において、新曲「もうどうなってもいいや」を提供していることをお知らせいたします。 ガンダムシリーズ最新作『機動戦士Gundam GQuuuuuuX（ジークアクス）』のTVシリーズ放送に先駆けて一部話数を再構築して本日より上映がスタートとなっている劇場先行版『機動戦士Gundam GQuuuuuuX（ジークアクス） Beginning.』426館公開という、歴代ガンダム映画史上最大規模の展開であり、スタジオカラー×サンライズの初タッグで制作という事で大きな話題となっている本作の劇中挿入歌として、星街すいせいが新曲「もうどうなってもいいや」を提供しています。 VTuberの枠を超えて数々のヒット曲を生み出し、THE FIRST TAKE史上最高同時視聴数の記録を未だ保持する星街すいせいによる、ガンダム最新作への提供楽曲となっていますので、ぜひ劇場に足を運んでチェック
2025.01.22,イベント/コラボ / 音楽,ホロライブ×ONE PIECEレジェンドアーティストが「ウィーゴー！」をアレンジ‼2025年2月期＆3月期のTVアニメ主題歌に‼,https://hololive.hololivepro.com/news/20250122-01-321/,カバー株式会社（本社：東京都港区、代表取締役社長：谷郷元昭）は、毎週日曜あさ9時30分からフジテレビほかにて放送中のTVアニメ「SPECIAL EDITED VERSION 『ONE PIECE』 魚人島編」の2025年2月期&3月期のオープニング主題歌が、ホロライブ所属タレントとTVアニメ『ONE PIECE』初代オープニング＆エンディングテーマなどで知られるきただにひろしと大槻マキのコラボレーションによる「ウィーゴー！」になることが決定したことをお知らせします。 好評放送中の「SPECIAL EDITED VERSION 『ONE PIECE』 魚人島編」2025年2月期のオープニング主題歌が「ホロライブ」所属の白上フブキ、宝鐘マリン、角巻わためとTVアニメ「ONE PIECE」初代エンディングテーマなどで知られる大槻マキによる「ウィーゴー！～白上フブキ、宝鐘マリン、角巻わため with 大槻マキ Ver.～」になることが決定しました。楽曲アレンジはアニメ「エッグヘッド編」エンディングテーマ、「Dear sunrise」（歌：大槻マキ）を手掛けた久下真音が担当します。 続く3月期の
2025.01.24,グッズ/ショップ / イベント/コラボ,「ホロライブEnglish -Myth-」がAVIOT VTuber POP UP SHOP in OIOIに登場！,https://hololive.hololivepro.com/news/20250124-02-71/,カバー株式会社（本社：東京都港区、代表取締役社長：谷郷元昭）は、2025年1月31日（金）から2025年2月16日（日）の期間、『渋谷モディ』7F マルイノアニメにて開催される期間限定ショップ「AVIOT VTuber POP UP SHOP in OIOI」にて「ホロライブEnglish」の展示や限定グッズの発売が行われることを発表いたします。 本ポップアップストアでは「ホロライブEnglish」の「森カリオペ」「小鳥遊キアラ」「一伊那尓栖」「がうる・ぐら」「ワトソン・アメリア」をイメージしたコラボレーションイヤホン「TE-V1R-HEN」をイメージした空間で、限定新作グッズの販売や、特別展示が予定されております。 ポップアップストアの最新情報につきましては、下記公式Xアカウントをご確認ください。
2025.02.12,グッズ/ショップ / イベント/コラボ,LAでホロライブEnglishのポップアップストア登場！限定グッズ、タレントからの挨拶、支援活動も,https://hololive.hololivepro.com/news/20250212-01-322/,カバー株式会社は待望のポップアップストアをロサンゼルスのビバリーセンター（#691）で2025年2月27日まで開催中です。 このイベントでは限定のグッズを販売、期間限定で人気のタレントとの交流やロサンゼルスの山火事で被害を受けた被災者への支援活動などが行われます。 見どころ
2025.02.20,グッズ/ショップ,ホロライブプロダクション、『hololive Seasonal Days』から『 スイートスプリングイースター』と、『ホロライブEnglish Spring Party!』の販売が決定！,https://hololive.hololivepro.com/news/20250220-01-323/,カバー株式会社（本社：東京都港区、代表取締役社⻑：⾕郷元昭）は、様々なテーマで季節を切り取るシリーズ企画『hololive Seasonal Days』から『 スイートスプリングイースター』と、ホロライブEnglishの描き下ろしイラストグッズ『ホロライブEnglish Spring Party!』の販売が決定した事をお知らせいたします。 「ホロライブ」所属の「紫咲シオン」「兎田ぺこら」「角巻わため」「姫森ルーナ」「轟はじめ」が参加する『hololive Seasonal Days』シリーズの新商品『 スイートスプリングイースター』と、「ホロライブEnglish」所属の「小鳥遊キアラ 」「一伊那尓栖 」「IRyS 」「ハコス・ベールズ 」「フワワ・アビスガード 」「モココ・アビスガード 」「 ジジ・ムリン 」「セシリア・イマーグリーン」が参加する『ホロライブEnglish Spring Party!』の2商品を、3月2日（日）12:00より「hololive production OFFICIAL SHOP」にて販売いたします。 さらに、『hololive Seasonal Days 
2025.02.22,LIVE / 音楽,「猫又おかゆ」5月14日に2ndアルバムリリース決定！5月28日にぴあアリーナMMで2ndライブ開催！,https://hololive.hololivepro.com/news/20250222-01-324/,カバー株式会社（本社：東京都港区、代表取締役社長：谷郷元昭）は、弊社が運営する女性VTuberグループ「ホロライブ」所属の「猫又おかゆ」の2ndアルバム『ぺるそにゃ～りすぺくと』が2025年5月14日（水）にリリースし、猫又おかゆ 2nd Live.「ぺるそにゃ～りすぺくと」が同年5月28日（水）に「ぴあアリーナMM 」での開催が決定したことをお知らせいたします。 YouTube登録者数194万人を誇るホロライブ所属VTuber猫又おかゆが、彼女の二面性をテーマにした待望の2ndアルバムをリリース！ また、2025年5月28日（水）にぴあアリーナMMにて猫又おかゆ 2nd Live.「ぺるそにゃ～りすぺくと」の開催も決定！
2025.02.28,音楽,星街すいせい「ビビデバ」MVが、世界三大広告賞Clioの音楽部門であるClio Musicのブロンズ賞を受賞！,https://hololive.hololivepro.com/news/20250228-01-325/,カバー株式会社（本社：東京都港区、代表取締役社長：谷郷元昭）は、弊社が運営する女性VTuberグループ「ホロライブ」所属の「星街すいせい」の『ビビデバ』のMVが国際賞「Clio Music 2025」Music Film/Video Craft Animationにおいてブロンズを獲得したことをお知らせいたします。 この度、バーチャルアイドル星街すいせいの楽曲『ビビデバ』のミュージックビデオが、世界的に権威のある広告賞「クリオ賞（Clio Awards）」の音楽部門においてブロンズを受賞しました。 この快挙は、星街すいせいのアーティストとしての才能と、クリエイティブチームの卓越した表現力が国際的に評価された結果です。
2025.03.07,その他,『想いは、次元を選ばない。』VTuber事務所「ホロライブプロダクション」が、VTuberとクリエイターが次元を超えて共創するブランドムービーを公開,https://hololive.hololivepro.com/news/20250307-01-326/,カバー株式会社（本社：東京都港区、代表取締役社⻑：⾕郷元昭）は、2025年3⽉7⽇（金）より、「ホロライブプロダクション」のブランドムービー「想いは、次元を選ばない。」を公開したことをお知らせいたします。 本ムービーは、各所大型街頭ビジョンにて放映されるほか、ホロライブプロダクションホームページ、公式SNSアカウント（TikTok、YouTube、X）にて公開開始しております。 出演タレント ： 星街すいせい、宝鐘マリン、こぼ・かなえる、小鳥遊キアラ、ReGLOSS
2025.03.08,LIVE / イベント/コラボ,幕張メッセで開催中の『hololive SUPER EXPO 2025』『hololive 6th fes. Color Rise Harmony』の初日速報レポートが公開！,https://hololive.hololivepro.com/news/20250308-01-327/,﻿ カバー株式会社（本社：東京都港区、代表取締役社長：谷郷元昭）が運営するVTuber事務所「ホロライブプロダクション」は、3月8日（土）および9日（日）に千葉県・幕張メッセにて、事務所最大級の大型イベント『hololive SUPER EXPO 2025』と音楽ライブの『hololive 6th fes. Color Rise Harmony』を開催。本日会場にて開催された様子を、今回ダイジェストレポートとして公開した。 初日開催となる8日（土）は、先日の暖かな陽気とは打って変わり真冬のような寒さになったが、会場付近は、早朝の開場前から国内外のファンによる長蛇の列が形成されていた。 『hololive SUPER EXPO 2025』の会場内をレポート！
2025.03.13,LIVE / イベント/コラボ,hololive 6th fes. Color Rise Harmony DAY1のオフィシャルレポート公開！,https://hololive.hololivepro.com/news/20250313-01-328/,2025年3月8日（土）〜9日（日）の2日間、ホロライブプロダクションは「hololive SUPER EXPO 2025」および「hololive 6th fes. Color Rise Harmony」を開催した。 今年のフェスは幕張メッセ 国際展示場9-11ホールを使用し、過去最大規模での開催。会場の両端に設置したふたつのメインステージ、タレントはそのいずれかに立ってパフォーマンスを行うという初の形式。さらに中央にはセンターステージが組まれており、タレントがそこに降り立つと、観客は横顔や後ろ姿含め360度を肉眼で確認できる。今回はこうした新しい体験を以て、圧倒的な実在感と臨場感がもたらされることとなった。 ソロ/ユニット、オリジナル/カバー織り交ぜた全57曲が、生バンドで届けられたDAY1の様子をレポートしていこう。
2025.03.13,LIVE / イベント/コラボ / 音楽,hololive 6th fes. Color Rise Harmony DAY2のオフィシャルレポート公開！,https://hololive.hololivepro.com/news/20250313-02-72/,﻿ 「hololive SUPER EXPO 2025」と並行する形で開催され、今年で6度目を迎えた年に一度のホロライブの音楽の祭典「hololive 6th fes. Color Rise Harmony」。今年は会場の幕張メッセに観客席を挟むようにメインステージが2つ用意され、観客席のど真ん中に360°回転する中央ステージを設置。会場のどこからでも楽しめるような試みを推し進めている。2日間で計4ステージ行われた公演の中から、ここでは3月9日の「DAY2」に開催された「CREATOR’S STAGE」と「hololive STAGE3」の様子をレポートしたい。 CREATOR’S STAGE 13:00から行われた「CREATOR’S STAGE」の最大の魅力は、ホロライブからリリースされた歴代の楽曲を通して、バリエーション豊かなホロライブ樂曲の魅力や、それらを手掛けるクリエイターの広がりを感じられること。他のステージとの違いとして、楽曲開始時に曲名と担当クリエイター陣の名前が紹介され、楽曲の制作陣にも焦点が当てられている。
2025.03.14,LIVE / イベント/コラボ,にじさんじとホロライブがタッグを組んで新たなエンターテインメントの景色を描く『にじホロ交流戦2025』5/24（土）・25（日）開催決定！,https://hololive.hololivepro.com/news/20250314-01-330/,にじホロ交流戦2025製作委員会はANYCOLOR株式会社が運営するVTuber/バーチャルライバーグループ『にじさんじ』と、カバー株式会社が運営する女性VTuberグループ『ホロライブ』の二組による初のオフラインイベント「にじホロ交流戦2025」を2025年5月24日（土）・25日（日）の2日間において、北海道北広島市にあるエスコンフィールドHOKKAIDOにて開催することをお知らせいたします。 本イベントは『にじさんじ』と『ホロライブ』の二組が、ゲームソフト「プロ野球スピリッツ2024-2025」（株式会社コナミデジタルエンタテインメント）を用いて、育成したオリジナルの選手による対戦（“交流戦”）を実際の球場で行うものです。イベントの舞台は2023年に開業した北海道ボールパークFビレッジ内にあるエスコンフィールドHOKKAIDO。『世界がまだ見ぬボールパーク』を掲げて開業したこの地で、『世界がまだ見ぬ前代未聞のVTuberオフライン野球ライブイベント』を展開いたします。 エスコンフィールドHOKKAIDOが誇る、「デカすぎる」と話題の幅約86m×高さ約16mの世界最大級の大型LED
2025.03.17,イベント/コラボ,大阪・関西万博の「株式会社エントリー presents Japan Expo Paris in Osaka 2025」の大トリとしてホロライブが出演決定！,https://hololive.hololivepro.com/news/20250317-01-329/,カバー株式会社（本社：東京都港区、代表取締役社長：谷郷元昭）が運営するVTuber事務所「ホロライブプロダクション」は大阪・関西万博にて4月26日（土）、27日(日)に開催される「株式会社エントリー presents Japan Expo Paris in Osaka 2025」に出演することが決定したことをお知らせいたします。 「株式会社エントリー presents Japan Expo Paris in Osaka 2025」の大トリとして出演決定！ 大阪・関西万博のEXPOアリーナ「27日第2部」に、ホロライブ、ホロライブインドネシア、ホロライブEnglishのタレントが大集結！
2025.03.20,LIVE / グッズ/ショップ,「猫又おかゆ」2ndライブ＠ぴあアリーナMM 情報解禁！,https://hololive.hololivepro.com/news/20250320-01-331/,カバー株式会社（本社：東京都港区、代表取締役社長：谷郷元昭）は、弊社が運営する女性VTuberグループ「ホロライブ」所属の「猫又おかゆ」2回目のソロライブ 猫又おかゆ 2nd Live.「ぺるそにゃ～りすぺくと」が2025年5月28日（水）に「ぴあアリーナMM」での開催が決定したことをお知らせいたします。 本ライブは、「ホロライブ」所属「猫又おかゆ」2ndソロライブです。 本日3月20日（木）より現地会場チケットの1次先行（抽選）の販売を開始いたしました。
2025.04.10,グッズ/ショップ,アパレルブランド『hololive Connect』の第4弾が発売決定！,https://hololive.hololivepro.com/news/20250410-01-332/,カバー株式会社（本社：東京都港区、代表取締役社⻑：⾕郷元昭）が、運営する『ホロライブプロダクション』の公式アパレルブランド『hololive Connect』の第4弾の展開についてお知らせいたします。 女性VTuberグループ「ホロライブ」所属の「天音かなた」、「角巻わため」、「常闇トワ」、「姫森ルーナ」、「雪花ラミィ」、「桃鈴ねね」、「獅白ぼたん」、「尾丸ポルカ」、「ラプラス・ダークネス」、「鷹嶺ルイ」、「博衣こより」、「風真いろは」が参加する『hololive Connect』内、シリーズ『hololive pixel art』第4弾を4月11日（金）18:00よりhololive production OFFICIAL SHOPにて販売いたします。 『hololive Connect』とは
2025.04.22,LIVE / 音楽,「天音かなた」7月23日に2ndアルバムリリース決定！8月13日に自身初のソロライブ開催も！,https://hololive.hololivepro.com/news/20250422-01-334/,カバー株式会社（本社：東京都港区、代表取締役社長：谷郷元昭）は、弊社が運営する女性VTuberグループ「ホロライブ」所属の「天音かなた」の2ndアルバム『Trigger』が2025年7月23日（水）にリリースし、天音かなた1stソロライブの開催が同年8月13日（水）に決定したことをお知らせいたします。 160万人を超えるYouTube登録者数を誇る今注目のVTuberが、活動5周年を迎えた2025年待望の2ndアルバムをリリース！ 1stアルバムでは「歌姫」への羽ばたきを見せた天音が、さらに大きな羽を広げて、音楽活動の次なる舞台への引き金を引くような想いを込めて制作した渾身の1作。
2025.04.23,LIVE,ホロライブプロダクション、2度目のワールドツアー『hololive STAGE World Tour’25 -Synchronize!-』開催！,https://hololive.hololivepro.com/news/20250423-01-333/,カバー株式会社（本社：東京都港区、代表取締役社長：谷郷元昭）は、弊社が運営する「ホロライブプロダクション」において、2度目のワールドツアー『hololive STAGE World Tour’25 -Synchronize!-』を開催することをお知らせいたします。 2024年8月より、カバー株式会社は初のワールドツアー『hololive STAGE World Tour’24 -Soar!-』を実施いたしました。昨年に続き、今年もグローバルに存在するファンコミュニティが一体となってホロライブを体感できる施策として、複数の都市を回るワールドツアーを開催いたします。 本ワールドツアーは、シドニーを皮切りに香港、バンクーバー、ニューヨーク、クアラルンプールでの公演を予定しており、「ホロライブ」所属の桃鈴ねね、「ホロライブインドネシア」所属のクレイジー・オリー、そして「ホロライブEnglish」所属の森カリオペ/IRyS/ネリッサ・レイヴンクロフトがメインパフォーマーとして出演いたします。また、今年は各都市に2名のスペシャルゲストが登場予定となります。今年度も、グループの垣根を超えたスペシャル
2025.04.29,イベント/コラボ,戌神ころね、白銀ノエル、姫森ルーナによる「スター・ウォーズ」のスペシャル応援プロジェクトが実施決定！特別番組や展示イベントなど盛りだくさん,https://hololive.hololivepro.com/news/20250429-01-335/,カバー株式会社（本社：東京都港区、代表取締役社長：谷郷元昭）は、弊社が運営する女性VTuberグループ「ホロライブ」所属の「戌神ころね」「白銀ノエル」「姫森ルーナ」の3名による、「スター・ウォーズ」のスペシャル応援プロジェクトを実施することをお知らせいたします。 かねてより「スター・ウォーズ」シリーズへの熱い想いを語ってきた戌神ころね、白銀ノエル、姫森ルーナの３名の熱意が実を結び、この度夢の応援プロジェクト“#ホロライブスターウォーズ部”が実現しました。VTuber初のプロジェクトとなる本企画では、ジェダイに扮する衣装に身を包んだメンバーたちの描き下ろしイラストにもぜひご注目ください。 4月27日(日)には、ホロライブプロダクション公式X（旧Twitter）にて、3名のスター・ウォーズに関する過去配信からのコメントを抜粋した動画が投稿され、彼女たちの「スター・ウォーズ」愛が伝わってくる内容となっております。
2025.04.30,イベント/コラボ,星街すいせいと音楽の軌跡をたどる初の単独展覧会「SUISEI ARCHIVES」を池袋PARCO、名古屋PARCOにて開催！,https://hololive.hololivepro.com/news/20250430-01-336/,カバー株式会社（本社：東京都港区、代表取締役社長：谷郷元昭）が運営するVTuber事務所「ホロライブプロダクション」に所属する星街すいせいの初の単独展覧会「SUISEI ARCHIVES」をPARCO FACTORY（池袋PARCO 本館7F)・PARCO GALLERY（名古屋PARCO 西館6F)の2店舗にて開催することお知らせいたします。 【開催期間】 PARCO FACTORY（池袋PARCO 本館7F) ： 2025年5月16日（金）～2025年6月9日（月）
2025.05.02,LIVE / イベント/コラボ,「ホロライブ」がマーベル・スタジオ最新作『サンダーボルツ*』のオマージュポスター＆予告編動画企画を実施！,https://hololive.hololivepro.com/news/20250502-01-337/,カバー株式会社（本社：東京都区港区、代表取締役社長：谷郷元昭）が運営するVTuber事務所「ホロライブプロダクション」に所属する白上フブキ、アキ・ローゼンタール、赤井はあと、さくらみこ、天音かなた、獅白ぼたん、ラプラス・ダークネスの7名が、ウォルト・ディズニー・ジャパン株式会社（本社：東京都港区）配給の本日5月2日（金）公開映画『サンダーボルツ*』とのスペシャルコラボレーション企画を実施することが決定いたしました。 本企画では、7名の個性あふれるホロライブメンバーが、映画『サンダーボルツ*』の複雑な関係性を表す構図をオマージュしたオリジナルポスターを制作しました。 過去に悪事を犯しながらも、アベンジャーズに代わって世界に襲いかかる危機に立ち向かうことになった『サンダーボルツ*』の【最強じゃない ヒーローじゃない でも、やるしかない】というキャッチコピーをリスペクトし、【配信じゃない ライブじゃない でも、やるしかない】という普段の活動とは異なる事態に立ち向かうキャッチコピーで、「ホロボルツ*」のメンバーが挑戦していく姿勢を表しています。
2025.05.04,LIVE / 音楽,「大神ミオ」8月20日に2ndアルバムリリース決定！9月10日に大神ミオ 1st Live.「Our Sparkle」開催！,https://hololive.hololivepro.com/news/20250504-01-338/,カバー株式会社（本社：東京都港区、代表取締役社長：谷郷元昭）は、弊社が運営する女性VTuberグループ「ホロライブ」所属の「大神ミオ」の2nd Album『My Sparkle』が2025年8月20日（水）にリリースし、大神ミオ 1st Live.「Our Sparkle」が同年9月10日（水）に「ぴあアリーナMM 」での開催が決定したことをお知らせいたします。 YouTube登録者数129万人を誇るホロライブ所属VTuber大神ミオが、待望の2ndアルバムをリリース！ また、2025年9月10日（水）にぴあアリーナMMにて大神ミオ 1st Live.「Our Sparkle」の開催も決定！
2025.05.29,グッズ/ショップ,関西エリア初出店！「ホロライブプロダクション」の公式ショップ「hololive production official shop in Osaka Umeda」オープン決定！,https://hololive.hololivepro.com/news/20250529-01-339/,カバー株式会社（本社：東京都港区、代表取締役社⻑：⾕郷元昭）は、2025年6月27日（金）から『阪急三番街』にて「ホロライブプロダクション」の公式ショップ「hololive production official shop in Osaka Umeda」（ホロライブプロダクション オフィシャルショップ イン オオサカ ウメダ）を株式会社キデイランド（本社：東京都千代田区、代表取締役社⻑：津村孝彦）の協力運営の元、期間限定でオープンいたします。 関西エリアで初出店となる「hololive production official shop in Osaka Umeda」をオープンします。全国で2店舗目の展開となります。 当ショップでは、三九呂さんとむぎたさん描き下ろしのビジュアルを使用したオリジナル新商品を販売いたします。
2025.05.31,LIVE / グッズ/ショップ,「天音かなた」1stソロライブ＠有明アリーナ 情報解禁！,https://hololive.hololivepro.com/news/20250531-01-340/,カバー株式会社（本社：東京都港区、代表取締役社長：谷郷元昭）は、弊社が運営する女性VTuberグループ「ホロライブ」所属の「天音かなた」の初のソロライブ Amane Kanata 1st Solo Live “LOCK ON” が2025年8月13日（水）に「有明アリーナ」での開催が決定したことをお知らせいたします。 本ライブは、「ホロライブ」所属「天音かなた」1stソロライブです。 本日5月31日（土）より現地会場指定席チケットの1次先行（抽選）が開始とともに、「SPWN」「ZAIKO」にて配信チケットの販売が開始いたしました。
2025.06.09,イベント/コラボ,「ロサンゼルス・ドジャース」と 「ホロライブプロダクション」の第2回コラボレーション企画「hololive night」開催決定！MLB史上初、ドジャースタジアムからのVTuber生配信企画も,https://hololive.hololivepro.com/news/20250609-01-341/,カバー株式会社（本社：東京都港区、代表取締役：谷郷元昭）は、MLBチーム「ロサンゼルス・ドジャース」と「ホロライブプロダクション」の第2回コラボレーション企画「hololive night」を、現地時間2025年7月5日（土）午後4時15分に開催する事をお知らせいたします。 「hololive night」の開催は、昨年2024年7月に続き2回目となります。 試合当日は、ホロライブEnglish所属タレント「一伊那尓栖（にのまえ いなにす）」「IRyS（あいりす）」「古石ビジュー（こせき びじゅー）」の試合開始アナウンスやエールビデオ、7回裏に行われる「Take Me Out to The Ball Game」歌唱をはじめ、会場内での等身大パネル展示など、野球観戦を盛り上げる様々な企画を実施いたします。
2025.06.16,イベント/コラボ,「ホロライブEnglish -Justice-」4名の3Dお披露目配信が決定！,https://hololive.hololivepro.com/news/20250616-02-73/,カバー株式会社（本社：東京都港区、代表取締役社長：谷郷元昭）は、弊社が運営する「ホロライブプロダクション」傘下の英語圏で活動中のVTuberユニット「ホロライブEnglish -Justice-」において、同グループ所属の「エリザベス・ローズ・ブラッドフレイム」、「ジジ・ムリン」、「セシリア・イマーグリーン」、「ラオーラ・パンテーラ」の3Dモデルお披露目配信が決定したことをお知らせいたします。 お披露目配信は、各タレントのYouTubeチャンネルにて、8月2日（土）、8月3日（日）、8月9日（土）、8月10日（日）の4日間にわたって実施いたします。また、8月17日（日）には「ホロライブEnglish -Justice-」所属メンバーによるスペシャル3Dコラボ配信も予定しております。 「ホロライブEnglish -Justice-」のメンバーによる3Dお披露目およびコラボ配信では、各タレントの個性を活かした多彩なコンテンツやパフォーマンスが披露されますので、この機会にぜひご視聴ください。
2025.06.16,LIVE / イベント/コラボ / 音楽,「ホロライブEnglish」3回目の全体ライブ『hololive English 3rd Concert -All for One- 』開催決定！,https://hololive.hololivepro.com/news/20250616-01-342/,カバー株式会社（本社：東京都港区、代表取締役社長：谷郷元昭）は、弊社が運営する「ホロライブプロダクション」傘下の英語圏向けVTuberグループ「ホロライブEnglish」において、3回目の全体ライブイベント『hololive English 3rd Concert -All for One- 』を、現地時間2025年8月23～24日に「Radio City Music Hall（アメリカ・ニューヨーク）」にて開催する事をお知らせいたします。 本公演には、ホロライブEnglishのメンバーに加え、2025年8月に3Dのお披露目を予定している「ホロライブEnglish -Justice-」のメンバーも出演いたします。3Dデビューに関する詳細は、 こちら をご覧ください。 ■当社代表取締役社長 谷郷からのコメント
2025.06.17,音楽,一緒にStationheadでリスニングパーティーをしよう！,https://hololive.hololivepro.com/news/20250617-01-343/,世界中の音楽ファンがつながるオンライン空間「Stationhead」で、楽曲を一緒に聴きましょう！ リスニングパーティーに参加する際には、ぜひこちらの使用方法をご確認ください。 「Stationhead」 登録方法
2025.06.20,その他,ホロライブ新規オーディション開催中！ホロライブメンバーのデビュー秘話も公開！,https://hololive.hololivepro.com/news/20250620-01-344/,カバー株式会社（本社：東京都港区、代表取締役社長：谷郷元昭）は、新規タレントオーディションの開催をお知らせいたします。あわせて、ホロライブ所属タレントがデビュー時の思い出を語るインタビューを公開いたします。 ホロライブプロダクションでは、新たな才能の発掘のため、タレントオーディションを開催しております。 多彩な才能とエンターテイナーとしての夢や情熱を持って、世界中が愛するカルチャーづくりに挑戦する意思のある方からのご応募をお待ちしております。
2025.06.27,イベント/コラボ,『荒野行動』×「ホロライブ」初コラボ開催決定！,https://hololive.hololivepro.com/news/20250627-01-347/,カバー株式会社（本社：東京都区港区、代表取締役社長：谷郷元昭）が運営する、VTuber事務所「ホロライブプロダクション」傘下のグループ「ホロライブ」に所属する、「白上フブキ」、「兎田ぺこら」、「白銀ノエル」、「獅白ぼたん」、「ラプラス・ダークネス」の5名が、NetEase Gamesが開発した『荒野行動』との初コラボイベントに登場することをお知らせいたします。 開催期間 ： 2025年6月27日（金） 〜 2025年7月17日（木） 本イベントでは、それぞれの衣装を忠実に再現した衣装スキンに加え、各タレントをモチーフにした銃器や乗り物スキンなど多数のアイテムがラインナップされています。
2025.06.28,LIVE / グッズ/ショップ,「大神ミオ」1stソロライブ＠ぴあアリーナMM 情報解禁！,https://hololive.hololivepro.com/news/20250628-01-346/,カバー株式会社（本社：東京都港区、代表取締役社長：谷郷元昭）は、弊社が運営する女性VTuberグループ「ホロライブ」所属の「大神ミオ」の初のソロライブ 大神ミオ 1st Live.「Our Sparkle」が2025年9月10日（水）に「ぴあアリーナMM」での開催が決定したことをお知らせいたします。 本ライブは、「ホロライブ」所属「大神ミオ」1stソロライブです。 本日6月28日（土）より現地会場指定席チケットの1次先行（抽選）が開始とともに、「SPWN」「ZAIKO」にて配信チケットの販売が開始いたしました。
2025.07.01,音楽,「AZKi」11月5日にNew EP『Re:Start』『Re:Birth』2枚同時リリース決定！,https://hololive.hololivepro.com/news/20250701-01-348/,カバー株式会社（本社：東京都港区、代表取締役社長：谷郷元昭）は、弊社が運営する女性VTuberグループ「ホロライブ」所属の「AZKi」のNew EP『Re:Start』『Re:Birth』のリリースが2025年11月5日（水）に決定したことをお知らせいたします。 タイトル ： 『Re:Start』/『Re:Birth』 発売日 ： 2025年11月5日（水）
2025.07.09,グッズ/ショップ / イベント/コラボ,公式オンラインショップ・ホロライブプロダクションオフィシャルグッズ取扱店舗でのホロナツフェア開催決定！,https://hololive.hololivepro.com/news/20250709-01-345/,"「ホロナツパラダイス」と連動したホロナツフェアが7月9日（水）より開催決定！ ホロライブプロダクション 公式オンラインショップ送料半額キャンペーン実施！ hololive production OFFICIAL SHOP（ https://shop.hololivepro.com ）にて対象商品（※）を税込3,000円以上お買い上げのご注文について、通常送料1,000円のところ、半額の500円にてお届けいたします。"
2025.07.11,グッズ/ショップ / イベント/コラボ,ホロライブプロダクションのオフィシャルオンラインショップにて7/31まで送料半額キャンペーンを開催中！,https://hololive.hololivepro.com/news/20250711-01-349/,﻿ カバー株式会社（本社：東京都港区、代表取締役社長：谷郷元昭）は、弊社が運営するオンラインショップ「hololive production OFFICIAL SHOP」にて、対象注文の送料が半額となるキャンペーンを開始したことをお知らせいたします。 キャンペーン実施期間 2025年7月9日（水）21:00から2025年7月31日（木）23:59まで（日本時間）
2025.07.11,グッズ/ショップ / イベント/コラボ / 音楽,ホロライブプロダクションがコミックマーケット106出展決定！,https://hololive.hololivepro.com/news/20250711-02-74/,カバー株式会社（本社：東京都港区、代表取締役社長：谷郷元昭）は、弊社が運営するVTuber事務所「ホロライブプロダクション」において、2025年8月16日（土）より開催される『コミックマーケット106』への出展が決定した事をお知らせいたします。 今回のコミックマーケットでは『hololive OFFICIAL CARD GAME』のカードショップをイメージしたブースで、これまで発売されたホロカの展示やイベント限定特典エールカード付きの＜ホロナツパラダイスver.のスタートデッキセット＞の販売やノベルティの配布などを行います！ また、ホロナツパラダイス紹介コーナーではテーマ曲『藍染サマータイム!!』のMV上映やオリジナル夏衣装のタレントグッズも展示予定！
2025.07.14,LIVE / イベント/コラボ,『hololive 6th fes. Color Rise Harmony』全国の映画館にてアフター上映決定！,https://hololive.hololivepro.com/news/20250714-01-350/,「カバー株式会社（本社：東京都港区、代表取締役社長：谷郷元昭）は、弊社が運営する女性VTuberグループ「ホロライブ」において、今年3月に実施された全体ライブ『hololive 6th fes. Color Rise Harmony』のアフター上映が2025年9月5日（金）6日（土）7日（日）に開催されることをお知らせいたします。 本イベントは2025年3月に開催された『hololive 6th fes. Color Rise Harmony』の模様を、3日間にわたって全国映画館にてアフター上映を開催いたします。また、STAGE1、STAGE2、STAGE3出演タレントから各日2名、上映限定コメント映像も流れる予定です。是非劇場でお楽しみください！ チケット情報などイベントの最新情報は、下記アフター上映特設サイト及び開催概要をご確認ください。
2025.07.16,音楽,hololive RECORDS 設立のお知らせ,https://hololive.hololivepro.com/news/20250716-01-351/,カバー株式会社（本社：東京都港区、代表取締役社長：谷郷元昭）は、弊社が運営するVTuber事務所「ホロライブプロダクション」における音楽制作・流通の体制を再定義した音楽レーベル「hololive RECORDS」を新たに設立したことをお知らせいたします。 これまで、多くのリスナーのみなさまにホロライブプロダクションに所属するタレントたちの音楽の魅力を届けてきた音楽制作・流通の体制は、すでにひとつの“レーベル”としての機能を持ち、数多くの楽曲とプロジェクトを生み出してまいりました。 この度、こうした実績や音楽への想いをこれからの未来へつなげていくために、 タレントを中心とした音楽活動の場として「hololive RECORDS」という名前を掲げることといたしました。
2025.07.31,LIVE / イベント/コラボ,2025年7月開催「ロサンゼルス・ドジャース」とのコラボ企画「hololive night」イベントレポート,https://hololive.hololivepro.com/news/20250731-01-353/,2025年7月5日（現地時間）、ロサンゼルス・ドジャースとホロライブプロダクションによる2度目のコラボレーション企画「hololive night」が、アメリカ・カリフォルニア州ロサンゼルスのドジャー・スタジアムで開催されました。 イベント当日は、ホロライブEnglishより一伊那尓栖、IRyS、そして古石ビジューが登場し、さまざまなコラボ企画によりスタジアムは大いに盛り上がりました。 名曲「Take Me Out to the Ball Game」の合唱、豪華なスクリーン映像、そして「YAGOO」ことカバー株式会社代表取締役社長「谷郷元昭」自らが登板しての始球式など、特別なイベントとなりました。試合前後にも、会場内外で多くの企画が展開され、「会場と世界をつなぐライブ配信」など、ホロライブプロダクションとドジャース、どちらのファンにとっても、忘れられない一日となりました。
2025.08.07,イベント/コラボ / 音楽,AZKi×内田真礼コラボレーション楽曲『セカイの色彩』が8/7（木）よりデジタル配信リリース！,https://hololive.hololivepro.com/news/20250807-01-352/,カバー株式会社（本社：東京都港区、代表取締役社長：谷郷元昭）は、メタバースプロジェクト「ホロアース」のアニメーションPVテーマソング『セカイの色彩』（せかいのいろ）を、2025年8月7日（木）0時よりデジタルリリースしたことをお知らせいたします。 ■ 『セカイの色彩』 配信リンク https://cover.lnk.to/3p8qHH
2025.08.07,グッズ/ショップ,『hololive OFFICIAL CARD GAME』初のカードコレクションブック発売決定！矢吹健太朗先生描き下ろしイラストも解禁！,https://hololive.hololivepro.com/news/20250807-02-75/,カバー株式会社（本社：東京都港区、代表取締役社⻑：⾕郷元昭）は『hololive OFFICIAL CARD GAME』の1周年を記念して、集英社Vジャンプより、初のカードコレクションブック「hololive OFFICIAL CARD GAME 1st Anniversary Blooming Memories」を9月19日（金）に発売することをお知らせします。また、表紙イラスト及び本書に同梱される付録カード2種の画像を解禁いたしました。 『hololive OFFICIAL CARD GAME』の1周年を記念して、集英社Vジャンプより、初のカードコレクションブック「hololive OFFICIAL CARD GAME 1st Anniversary Blooming Memories」が9月19日（金）に発売が決定。 本書では「エンチャントレガリア」までに登場した900枚以上のカードを掲載しているほか、イラストの異なるパラレルカードやプロモーションカードも掲載。これ一冊でホロカの1年間を振り返れるファン必見の1冊となっています。
2025.08.08,LIVE / 音楽,「常闇トワ」10月8日に2ndアルバムリリース決定！10月29日に有明アリーナで2ndライブ開催！,https://hololive.hololivepro.com/news/20250808-01-354/,カバー株式会社（本社：東京都港区、代表取締役社長：谷郷元昭）は、弊社が運営する女性VTuberグループ「ホロライブ」所属の「常闇トワ」の2ndアルバム『SHIN』を2025年10月8日（水）にリリースし、Tokoyami Towa 2nd Live “SHINier” が2025年10月29日（水）に「有明アリーナ」にて開催決定したことをお知らせいたします。 Tokoyami Towa 2nd Live “SHINier” 特設サイト ： https://shinier.hololivepro.com
2025.08.20,LIVE / イベント/コラボ,ホロライブインドネシア 現地初ライブ 『hololive Indonesia 5th Anniversary LIVE Chromatic Future』情報解禁！,https://hololive.hololivepro.com/news/20250820-01-355/,﻿ カバー株式会社（本社：東京都港区、代表取締役社長：谷郷元昭）は、弊社が運営するVTuberグループ「ホロライブインドネシア」の5周年を記念した現地ライブ『hololive Indonesia 5th Anniversary LIVE Chromatic Future 』が2025年11月15日（土）に「COMIC FRONTIER 21 ICE BSD ホール6」での開催が決定したことをお知らせいたします。 本ライブは、「ホロライブインドネシア」の5周年を記念した初の現地ライブです。 現地チケット情報などイベントの最新情報は、下記よりご確認ください。
2025.08.29,LIVE / グッズ/ショップ / 音楽,「AZKi」ソロライブ＠ぴあアリーナMM 開催決定！,https://hololive.hololivepro.com/news/20250829-01-356/,カバー株式会社（本社：東京都港区、代表取締役社長：谷郷元昭）は、弊社が運営する女性VTuberグループ「ホロライブ」所属の「AZKi」のソロライブ AZKi SOLO LiVE 2025 “Departure” が2025年11月19日（水）に「ぴあアリーナMM」での開催が決定したことをお知らせいたします。 本ライブは、「ホロライブ」所属「AZKi」のソロライブです。 本日8月29日（金）より現地会場指定席チケットの1次先行（抽選）が開始とともに、「SPWN」「ZAIKO」にて配信チケットの販売が開始いたしました。
2025.09.12,グッズ/ショップ / イベント/コラボ,ホロライブEnglishのオフィシャルポップアップストア “Chronicles of hololive EN: THE NEXUS GATE -ActⅠ: The Portal Awakens-” が、アメリカ・ニュージャージーで開催決定！,https://hololive.hololivepro.com/news/20250912-01-357/,カバー株式会社は、現地時間2025年10月6日より、ホロライブEnglishのオフィシャルポップアップストア “Chronicles of hololive EN: THE NEXUS GATE -ActⅠ: The Portal Awakens-” をアメリカ・ニュージャージーのAmerican Dream Shopping Mallにて開催いたします。 本ポップアップストアは、テーマ「THE NEXUS GATE -ActⅠ: The Portal Awakens-」を掲げた店内展示・謎解きイベント・グッズ販売、ホロライブEnglishタレントとの交流イベントなどを実施する予定です。 上記イベントの詳細等、追加情報はホロライブEnglish公式X（旧Twitter）アカウントより、後日発表いたします。
2025.09.13,LIVE / 音楽,「ReGLOSS」11月12日に2ndアルバムリリース決定！12月16日に有明アリーナでライブ開催！,https://hololive.hololivepro.com/news/20250913-01-358/,カバー株式会社（本社：東京都港区、代表取締役社長：谷郷元昭）は、弊社が運営する「ホロライブプロダクション」傘下のVTuberグループ「hololive DEV_IS」所属「ReGLOSS」の2ndアルバム『Snapshot』を2025年11月12日（水）にリリースし、ReGLOSS 1st Live “Flashpoint” が2025年12月16日（火）に「有明アリーナ」にて開催決定したことをお知らせいたします。 ■ ReGLOSS 1st Live “Flashpoint” 特設サイト ： https://flashpoint.hololivepro.com
2025.09.24,LIVE / イベント/コラボ / 音楽,VTuberグループ「ホロライブ」の公式ファンクラブを開設！,https://hololive.hololivepro.com/news/20250924-01-359/,カバー株式会社（本社：東京都港区、代表取締役社長：谷郷元昭）は、弊社が運営するVTuberグループ「ホロライブ」所属タレントのファンクラブ「hololive FANCLUB」をリリースすることをお知らせいたします。「hololive FANCLUB」は2025年10月15日（水）よりリリースします。 ファンクラブ概要 ファンの皆様から多数のご要望をいただいておりましたファンクラブがついに登場します。ホロライブを身近に感じていただけるよう、様々な特典をご用意しています。ライブやイベントのチケット先行も含まれます。ライブチケットの需要が増す中で、日頃からホロライブのタレントを応援くださるファンの皆様に対してチケットをいち早くお届けします。
2025.09.24,音楽,「鷹嶺ルイ」初となる全国流通アルバム『Lapis Lazuli』リリース決定！,https://hololive.hololivepro.com/news/20250924-02-76/,カバー株式会社（本社：東京都港区、代表取締役社長：谷郷元昭）は、弊社が運営する女性VTuberグループ「ホロライブ」所属の「鷹嶺ルイ」において、2025年12月3日（水）に2ndアルバム『Lapis Lazuli』の全国流通リリースが決定したことをお知らせいたします。 VTuberグループ「ホロライブ」所属の鷹嶺ルイ、活動初となる全国流通アルバムのリリースが決定! 先行配信作『ZIG-ZAG』のほか、新曲を含む全10曲を収録。 “VS( 闘い )” をテーマに様々なジャンルの音楽スタイルを1枚にまとめ、鷹嶺ルイの闘いを表現した意欲作となっている。
2025.10.19,LIVE / 音楽,ホロライブ3期生1st EPリリース決定！2026年1月17日、18日にKアリーナ横浜でライブ開催！,https://hololive.hololivepro.com/news/20251019-01-360/,カバー株式会社（本社：東京都港区、代表取締役社長：谷郷元昭）は、弊社が運営する「ホロライブ」所属の3期生（兎田ぺこら / 不知火フレア / 白銀ノエル / 宝鐘マリン）のEP『#きゅるるん大作戦 〜最強アイドル、推すしかないでしょ〜』が発売決定し、hololive 3rd Generation Live #きゅるるん大作戦 〜最強アイドル、推すしかないでしょ〜 が2026年1月17日（土）と18日（日）に「Kアリーナ横浜」にて開催決定したことをお知らせいたします。 ■特設サイト https://operation-heartful-cuties.hololivepro.com
2025.11.14,LIVE / 音楽,「星街すいせい」武道館ライブ再演 情報解禁！,https://hololive.hololivepro.com/news/20251114-01-361/,カバー株式会社（本社：東京都港区、代表取締役社長：谷郷元昭）は、弊社が運営する女性VTuberグループ「ホロライブ」所属の「星街すいせい」ソロライブ Hoshimachi Suisei Live “SuperNova: REBOOT” が2026年2月21日（土）に「Kアリーナ横浜」で開催するとともに、TVアニメ「真夜中ハートチューン」OPテーマ『月に向かって撃て』のリリースが2026年1月に決定したことをお知らせいたします。 Hoshimachi Suisei Live “SuperNova: REBOOT” 開催決定！ 本ライブは、「ホロライブ」所属「星街すいせい」が2025年2月1日に開催したソロライブ Hoshimachi Suisei 日本武道館 Live “SuperNova”の再演です。
2025.11.24,LIVE / グッズ/ショップ,Takanashi Kiara / Ninomae Ina’nis 1st Concert “Drawn to Dawn”開催！ @The Wiltern / LA,https://hololive.hololivepro.com/news/20251124-01-362/,カバー株式会社（本社：東京都港区、代表取締役社長：谷郷元昭）は、弊社が運営する「ホロライブプロダクション」傘下の英語圏向けVTuberグループ「ホロライブEnglish」所属の「小鳥遊キアラ」「一伊那尓栖」のソロライブ『Takanashi Kiara / Ninomae Ina’nis 1st Concert “Drawn to Dawn”』を、現地時間2026年3月27日、28日に「The Wiltern（アメリカ・ロサンゼルス）」にて開催する事をお知らせいたします。 本ライブは、「ホロライブEnglish」所属「小鳥遊キアラ」「一伊那尓栖」それぞれのソロライブを同時開催する公演です。 本日11月24日（月・祝）より「SPWN」「Streaming+」にて配信チケットの販売が開始いたしました。
2025.11.27,グッズ/ショップ / イベント/コラボ / 音楽,hololive production official shopにて鷹嶺ルイ プチジャックキャンペーン開催決定！,https://hololive.hololivepro.com/news/20251127-01-363/,hololive production official shop にて「鷹嶺ルイ プチジャックキャンペーン」を開催いたします。 期間中は店舗でアルバム販売とスペシャルコンテンツをご用意しますので、是非ご来店ください！ 開催概要
2025.12.01,LIVE / 音楽,「秘密結社holoX」4月8日に1stアルバムリリース決定！4月29日にぴあアリーナMMにて秘密結社holoX Live 2026「First MISSION」開催！,https://hololive.hololivepro.com/news/20251201-01-364/,カバー株式会社（本社：東京都港区、代表取締役社長：谷郷元昭）は、弊社が運営する女性VTuberグループ「ホロライブ」所属の「秘密結社holoX」の1st Album『Secret ORDER』が2026年4月8日（水）にリリースし、秘密結社holoX Live 2026「First MISSION」が同年4月29日（水・祝）に「ぴあアリーナMM 」にて開催決定したことをお知らせいたします。 ■ アルバム/ライブ共通ハッシュタグ #SSholoX世界リペイント計画
2025.12.08,LIVE / イベント/コラボ,「ホロライブプロダクション」全体イベント《 hololive SUPER EXPO 2026 》および《 hololive 7th fes. 》初の3日間開催！会場・配信チケット受付開始！,https://hololive.hololivepro.com/news/20251208-02-77/,カバー株式会社（本社：東京都港区、代表取締役社長：谷郷元昭）は、弊社が運営する「ホロライブプロダクション」において、事務所全体イベントとなる《 hololive SUPER EXPO 2026 Supported By BANDAI 》および《 hololive 7th fes. Ridin’ on Dreams Supported By LAWSON 》を、2026年3月6日（金）7日（土）8日（日）に幕張メッセ 国際展示場にて開催することをお知らせいたします。 本イベントはVTuber事務所「ホロライブプロダクション」の全体イベントです。 今回のEXPOテーマは “hololive time-warp”
2025.12.08,グッズ/ショップ / イベント/コラボ,「hololive production OFFICIAL POP UP SHOP」東京駅一番街にて開催決定！,https://hololive.hololivepro.com/news/20251208-01-366/,カバー株式会社（本社：東京都港区、代表取締役社⻑：⾕郷元昭）は、VTuberグループ「ホロライブプロダクション」のポップアップショップを、株式会社キデイランド（本社：東京都千代田区、代表取締役社⻑：津村孝彦）の協力運営の元、2026年1月9日（金）から1月22日（木）までの期間、『東京駅一番街 いちばんプラザ』にて開催することをお知らせします。 東京駅一番街にて実施する本イベントは、ホロライブ0期生、ホロライブインドネシア1期生、ホロライブEnglish「Myth」のタレントたちが、「感謝」の花束を抱えた特別な描き下ろしイラストで登場します。 会場では、本イベントのために描き下ろされたイラストを使用した商品の販売や、東京駅一番街を彩る特別装飾を実施します。期間限定の華やかな空間をぜひお楽しみください。
2025.12.10,LIVE,年末年始はホロライブと！全編無料の「hololive production COUNTDOWN LIVE 2025▷2026​​」が今年も開催！,https://hololive.hololivepro.com/news/20251210-01-365/,カバー株式会社（本社：東京都港区、代表取締役社長：谷郷元昭）は、弊社が運営する「ホロライブプロダクション」傘下の女性VTuberグループ「ホロライブ」において、年末特別番組「年末ホロライブ ～ゆくホロくるホロ 2025▷2026～」及び全編無料の「hololive production COUNTDOWN LIVE 2025▷2026​​」を2025年12月31日（水）に配信いたします。 さらにホロライブに関連した年末年始企画を実施することをお知らせいたします。 2025年も特大ボリュームのバラエティ番組「年末ホロライブ ～ゆくホロくるホロ 2025▷2026～」と全編無料の「hololive production COUNTDOWN LIVE 2025▷2026​​」の配信が決定！
2025.12.12,LIVE,ホロライブ5期生が12月21日にホロアースでバーチャルライブ「ねぽらぼライブ re:VISION Holoearth Live」開催決定！,https://hololive.hololivepro.com/news/20251212-01-368/,カバー株式会社（本社：東京都港区、代表取締役社長：谷郷元昭）は、弊社が運営する「ホロライブ」所属の5期生（桃鈴ねね/尾丸ポルカ/雪花ラミィ/獅白ぼたん）がバーチャルライブ「ねぽらぼライブ re:VISION Holoearth Live」を2025年12月21日（日）「ホロアース」にて開催決定したことをお知らせいたします。 2025年12月21日（日）ホロアースにて、ホロライブ5期生「ねぽらぼ」（桃鈴ねね / 尾丸ポルカ / 雪花ラミィ / 獅白ぼたん）が出演する、バーチャルライブ「ねぽらぼライブ re:VISION Holoearth Live」の開催が決定しました。 あなた自身がアバターとなり、ねぽらぼメンバーと同じ空間・体験を共有。
2025.12.12,グッズ/ショップ / 音楽,ホロライブプロダクションがコミックマーケット107出展決定！,https://hololive.hololivepro.com/news/20251212-02-78/,カバー株式会社（本社：東京都港区、代表取締役社長：谷郷元昭）は、弊社が運営するVTuber事務所「ホロライブプロダクション」において、2025年12月30日（火）より開催される『コミックマーケット107』への出展が決定した事をお知らせいたします。 2025年12月30日（火）～31日（水）に開催される『コミックマーケット107』に『ホロライブプロダクション』の出展が決定しました。 今回のコミックマーケットでは、hololive 3rd Generation 1st EP『#きゅるるん大作戦 〜最強アイドル、推すしかないでしょ〜』のリリースを記念して大型LEDモニターでのMV上映や年末年始の配信番組の紹介を行います。
2025.12.15,LIVE / グッズ/ショップ / イベント/コラボ,hololive production official shopにてときのそら プチジャックキャンペーン開催決定！,https://hololive.hololivepro.com/news/20251215-01-367/,ときのそら史上最大規模となるワンマンライブ《New Year’s Party 2026「Dreams in Motion」》開催の応援企画として、hololive production official shop にて「ときのそら プチジャックキャンペーン」を開催いたします。 期間中は店舗でスペシャルコンテンツをご用意しますので、是非ご来店ください！ 開催概要
